"Name","HMDB","KEGG"
"ADP","HMDB0001341","C00008"
"cis-Aconitic acid","HMDB0000072","C00417"
"Citrulline","HMDB0000904","C00327"
"Coenzyme A","HMDB0001423","C00010"
"Creatinine","HMDB0000562","C00791"
"D-2-Hydroxyglutaric acid","HMDB0000606","C01087"
"Deoxycytidine","HMDB0000014","C00881"
"Deoxyuridine","HMDB0000012","C00526"
"D-Ribose 5-phosphate","HMDB0001548","C00117"
"Fumaric acid","HMDB0000134","C00122"
"Glycerol","HMDB0000131","C00116"
"Glycerophosphocholine","HMDB0000086","C00670"
"Glycine","HMDB0000123","C00037"
"Guanosine monophosphate","HMDB0001397","C00144"
"Inosine","HMDB0000195","C00294"
"L-Arginine","HMDB0000517","C00062"
"L-Cystathionine","HMDB0000099","C02291"
"L-Glutamic acid","HMDB0000148","C00025"
"L-Glutamine","HMDB0000641","C00064"
"L-Leucine","HMDB0000687","C00123"
"L-Lysine","HMDB0000182","C00047"
"L-Methionine","HMDB0000696","C00073"
"L-Proline","HMDB0000162","C00148"
"L-Valine","HMDB0000883","C00183"
"Myristic acid","HMDB0000806","C06424"
"Orotic acid","HMDB0000226","C00295"
"Oxoglutaric acid","HMDB0000208","C00026"
"PA(16:0/16:0)","HMDB0000674","C00416"
"Phosphoenolpyruvic acid","HMDB0000263","C00074"
"Phthalic acid","HMDB0002107","C01606"
"Taurine","HMDB0000251","C00245"
"Uridine 5'-monophosphate","HMDB0000288","C00105"
"Uridine diphosphate glucose","HMDB0000286","C00029"
"3-Methylhistidine","HMDB0000479","C01152"
"3-Phosphoglyceric acid","HMDB0000807","C00597"
"Adenosine triphosphate","HMDB0000538","C00002"
"Citric acid","HMDB0000094","C00158"
"FAD","HMDB0001248","C00016"
"Gamma-Aminobutyric acid","HMDB0000112","C00334"
"Glycerol 3-phosphate","HMDB0000126","C00093"
"Guanosine diphosphate mannose","HMDB0001163","C00096"
"L-Asparagine","HMDB0000168","C00152"
"L-Aspartic acid","HMDB0000191","C00049"
"L-Isoleucine","HMDB0000172","C00407"
"L-Malic acid","HMDB0000156","C00149"
"L-Serine","HMDB0000187","C00065"
"L-Tyrosine","HMDB0000158","C00082"
"N-Acetylglutamine","HMDB0006029","NA"
"N-Acetylneuraminic acid","HMDB0000230","C19910"
"N-Alpha-acetyllysine","HMDB0000446","C12989   "
"Orotidine","HMDB0000788","C01103"
"Palmitic acid","HMDB0000220","C00249"
"PC(14:0/14:0)","HMDB0007866","C00157"
"PS(14:0/14:0)","HMDB0012330","NA"
"Succinic acid","HMDB0000254","C00042"
"Sucrose","HMDB0000258","C00089"
"Taurocholic acid","HMDB0000036","C05122"
"Thymine","HMDB0000262","C00178"
"Uridine diphosphate-N-acetylglucosamine","HMDB0000290","C00043"
"Adenosine monophosphate","HMDB0000045","C00020"
"Aminoadipic acid","HMDB0000510","C00956"
"Betaine","HMDB0000043","C00719"
"Cytidine monophosphate","HMDB0000095","C00055"
"D-Fructose","HMDB0000660","C02336"
"Fructose 6-phosphate","HMDB0000124","C00085"
"Guanosine","HMDB0000133","C00387"
"L-Alanine","HMDB0000161","C00041"
"Maleic acid","HMDB0000176","C00122"
"Ribitol","HMDB0000508","C00474"
"S-Adenosylhomocysteine","HMDB0000939","C00021"
"Sorbitol","HMDB0000247","C00794"
"Capric acid","HMDB0000511","C01571"
"Caprylic acid","HMDB0000482","C06423"
"D-Glucose","HMDB0000122","C00031"
"Glucose 6-phosphate","HMDB0001401","C00668"
"L-Kynurenine","HMDB0000684","C00328"
"L-Phenylalanine","HMDB0000159","C00079"
"L-Tryptophan","HMDB0000929","C00078"
"Pantothenic acid","HMDB0000210","C00864"
"Uridine","HMDB0000296","C00299"
"Xanthine","HMDB0000292","C00385"
"Glutathione","HMDB0000125","C02471"
"Acetylglycine","HMDB0000532","NA"
"Alpha-Linolenic acid","HMDB0001388","C06427"
"Erucic acid","HMDB0002068","C08316"
"Glyceraldehyde","HMDB0001051","C02154"
"N-Acetyl-L-tyrosine","HMDB0000866","C01657"
"Deoxyinosine","HMDB0000071","C05512"
"Dodecanedioic acid","HMDB0000623","C02678"
"Hypotaurine","HMDB0000965","C00519"
"O-Phosphoethanolamine","HMDB0000224","C00346"
"Phytanic acid","HMDB0000801","C01607"
"Urocanic acid","HMDB0000301","C00785"
"7-Methylguanine","HMDB0000897","C02242"
"Alpha-Hydroxyisobutyric acid","HMDB0000729","NA"
"Hypoxanthine","HMDB0000157","C00262"
"Indoxyl sulfate","HMDB0000682","NA"
"Suberic acid","HMDB0000893","C08278"
"Taurodeoxycholic acid","HMDB0000896","C05463"
"Behenic acid","HMDB0000944","C08281"
"Caffeic acid","HMDB0001964","C01481"
"Isobutyrylglycine","HMDB0000730","NA"
"Octadecanedioic acid","HMDB0000782","NA"
"1,5-Anhydrosorbitol","HMDB0002712","C07326"
"2-Hydroxyethanesulfonate","HMDB0003903","C05123"
"Carnosine","HMDB0000033","C00386"
"Homocitrulline","HMDB0000679","C02427"
"Methionine sulfoxide","HMDB0002005","NA"
"Pipecolic acid","HMDB0000070","C00408"
"Azelaic acid","HMDB0000784","C08261"
"Glyceric acid","HMDB0000139","C00258"
"myo-Inositol","HMDB0000211","C00137"
"N-Acetylglutamic acid","HMDB0001138","C00624"
"Pyrrolidonecarboxylic acid","HMDB0000805","C02237"
"Undecanoic acid","HMDB0000947","C17715"
"Vaccenic acid","HMDB0003231","C08367"
"L-Carnitine","HMDB0000062","C00318"
"Linoleic acid","HMDB0000673","C01595"
"N-Acetyl-L-alanine","HMDB0000766","NA"
"Stearic acid","HMDB0000827","C01530"
"Hexadecanedioic acid","HMDB0000672","C19615"
"Malonic acid","HMDB0000691","C04025"
"Pentadecanoic acid","HMDB0000826","C16537"
"p-Hydroxymandelic acid","HMDB0000822","C11527"
"Threonic acid","HMDB0000943","C01620"
"Undecanedioic acid","HMDB0000888","NA"
